Attribute Name,Numeric Values,Attribute Value (Item Attribute Values),Abbreviation (Item Attribute Values)
Amperage,0,10 AMP (EGRAND),10 AMP (EGRAND)
Amperage,0,10 AMP (MP L&T),10 AMP (MP L&T)
Amperage,0,100 AMP,100 AMP
Amperage,0,100 AMP (EGRAND),100 AMP (EGRAND)
Amperage,0,100 AMP (MP L&T),100 AMP (MP L&T)
Amperage,0,150 AMP (EGRAND),150 AMP (EGRAND)
Amperage,0,150 AMP (MP L&T),150 AMP (MP L&T)
Amperage,0,16 AMP,16 AMP
Amperage,0,16 AMP ( IP 44),16 AMP ( IP 44)
Amperage,0,16 AMP ( IP 67),16 AMP ( IP 67)
Amperage,0,16 AMP (ANCHOR),16 AMP (ANCHOR)
Amperage,0,16 AMP (EGRAND),16 AMP (EGRAND)
Amperage,0,16 AMP (LE L&T),16 AMP (LE L&T)
Amperage,0,16 AMP (MP L&T),16 AMP (MP L&T)
Amperage,0,20 AMP (ANCHOR),20 AMP (ANCHOR)
Amperage,0,20 AMP (EGRAND),20 AMP (EGRAND)
Amperage,0,20 AMP (LE L&T),20 AMP (LE L&T)
Amperage,0,20 AMP (MP L&T),20 AMP (MP L&T)
Amperage,0,200 AMP,200 AMP
Amperage,0,200 AMP (EGRAND),200 AMP (EGRAND)
Amperage,0,200 AMP (MP L&T),200 AMP (MP L&T)
Amperage,0,32 AMP,32 AMP
Amperage,0,32 AMP ( IP 44),32 AMP ( IP 44)
Amperage,0,32 AMP ( IP 67),32 AMP ( IP 67)
Amperage,0,32 AMP (EGRAND),32 AMP (EGRAND)
Amperage,0,32 AMP (LE L&T),32 AMP (LE L&T)
Amperage,0,32 AMP (MP L&T),32 AMP (MP L&T)
Amperage,0,40 AMP (EGRAND),40 AMP (EGRAND)
Amperage,0,40 AMP (MP L&T),40 AMP (MP L&T)
Amperage,0,6 AMP (ANCHOR),6 AMP (ANCHOR)
Amperage,0,6 AMP (EGRAND),6 AMP (EGRAND)
Amperage,0,6 AMP (MP L&T),6 AMP (MP L&T)
Amperage,0,6 AMP (X2 PIN),6 AMP (X2 PIN)
Amperage,0,6 AMP (X3 PIN),6 AMP (X3 PIN)
Amperage,0,60 AMP (EGRAND),60 AMP (EGRAND)
Amperage,0,60 AMP (MP L&T),60 AMP (MP L&T)
Amperage,0,63 AMP,63 AMP
Amperage,0,64 AMP (EGRAND),64 AMP (EGRAND)
Amperage,0,64 AMP (LE L&T),64 AMP (LE L&T)
Amperage,0,80 AMP (EGRAND),80 AMP (EGRAND)
Amperage,0,80 AMP (MP L&T),80 AMP (MP L&T)
Brand,0,ASHIRVAD,ASHIRVAD
Brand,0,ASIAN ( ASIAN),ASIAN ( ASIAN)
Brand,0,ASIAN ( BIRLA),ASIAN ( BIRLA)
Brand,0,ASTRAL,ASTRAL
Brand,0,BERGER,BERGER
Brand,0,CERA,CERA
Brand,0,CERA (K CERA),CERA (K CERA)
Brand,0,CERA (L CERA),CERA (L CERA)
Brand,0,CERA (Y CERA),CERA (Y CERA)
Brand,0,DUTRON,DUTRON
Brand,0,JAQUAR,JAQUAR
Brand,0,JAQUAR (1 CERA),JAQUAR (1 CERA)
Brand,0,JAQUAR (3 CERA),JAQUAR (3 CERA)
Brand,0,JAQUAR (7 CERA),JAQUAR (7 CERA)
Brand,0,JAQUAR (E CERA),JAQUAR (E CERA)
Brand,0,JAQUAR (JAQUAR),JAQUAR (JAQUAR)
Brand,0,JAQUAR (N CERA),JAQUAR (N CERA)
Brand,0,JAQUAR (R CERA),JAQUAR (R CERA)
Brand,0,JAQUAR (r CERA),JAQUAR (r CERA)
Brand,0,JOHNSON,JOHNSON
Brand,0,JOHNSON (OHNSON),JOHNSON (OHNSON)
Brand,0,KEROVIT,KEROVIT
Brand,0,KEROVIT (EROVIT),KEROVIT (EROVIT)
Brand,0,NEROLACK,NEROLACK
Brand,0,RAKSHA,RAKSHA
Brand,0,SUPREME,SUPREME
Brick Type,0,"FLY ASH (ASH 4"")","FLY ASH (ASH 4"")"
Brick Type,0,"FLY ASH (ASH 6"")","FLY ASH (ASH 6"")"
Brick Type,0,"RED (RED 4"")","RED (RED 4"")"
Brick Type,0,"RED (RED 6"")","RED (RED 6"")"
Capacity,0,1 TON,1 TON
Capacity,0,100 AH,100 AH
Capacity,0,1000 LTR,1000 LTR
Capacity,0,10000 LTR,10000 LTR
Capacity,0,120 AH,120 AH
Capacity,0,150 AH,150 AH
Capacity,0,2 TON,2 TON
Capacity,0,2000 LTR,2000 LTR
Capacity,0,3000 LTR,3000 LTR
Capacity,0,5 TON,5 TON
Capacity,0,50 AH,50 AH
Capacity,0,500 LTR,500 LTR
Capacity,0,5000 LTR,5000 LTR
Capacity,0,80 AH,80 AH
Cement Type,0,OPC 43 GRADE ACC,OPC 43 GRADE ACC
Cement Type,0,OPC 43 GRADE AMBUJA,OPC 43 GRADE AMBUJA
Cement Type,0,OPC 43 GRADE BIRLA SHAKTI,OPC 43 GRADE BIRLA SHAKTI
Cement Type,0,OPC 43 GRADE CHETTINARD,OPC 43 GRADE CHETTINARD
Cement Type,0,OPC 43 GRADE MP BIRLA,OPC 43 GRADE MP BIRLA
Cement Type,0,OPC 43 GRADE SHREE,OPC 43 GRADE SHREE
Cement Type,0,OPC 43 GRADE ULTRATECH,OPC 43 GRADE ULTRATECH
Cement Type,0,OPC 43 GRADE VASVDATTA,OPC 43 GRADE VASVDATTA
Cement Type,0,OPC 53 GRADE ACC,OPC 53 GRADE ACC
Cement Type,0,OPC 53 GRADE AMBUJA,OPC 53 GRADE AMBUJA
Cement Type,0,OPC 53 GRADE BIRLA SHAKTI,OPC 53 GRADE BIRLA SHAKTI
Cement Type,0,OPC 53 GRADE CHETTINARD,OPC 53 GRADE CHETTINARD
Cement Type,0,OPC 53 GRADE MP BIRLA,OPC 53 GRADE MP BIRLA
Cement Type,0,OPC 53 GRADE SHREE,OPC 53 GRADE SHREE
Cement Type,0,OPC 53 GRADE ULTRATECH,OPC 53 GRADE ULTRATECH
Cement Type,0,OPC 53 GRADE VASVDATTA,OPC 53 GRADE VASVDATTA
Cement Type,0,PPC GRADE ACC,PPC GRADE ACC
Cement Type,0,PPC GRADE AMBUJA,PPC GRADE AMBUJA
Cement Type,0,PPC GRADE BIRLA SHAKTI,PPC GRADE BIRLA SHAKTI
Cement Type,0,PPC GRADE CHETTINARD,PPC GRADE CHETTINARD
Cement Type,0,PPC GRADE MP BIRLA,PPC GRADE MP BIRLA
Cement Type,0,PPC GRADE SHREE,PPC GRADE SHREE
Cement Type,0,PPC GRADE ULTRATECH,PPC GRADE ULTRATECH
Cement Type,0,PPC GRADE VASVDATTA,PPC GRADE VASVDATTA
Cement Type,0,WHITE CEMENT,WHITE CEMENT
Chemical Type,0,WHITE CAT ACID,WHITE CAT ACID
Color,0,BLACK,BLACK
Color,0,BLACK ( ASIAN),BLACK ( ASIAN)
Color,0,BLACK ( BIRLA),BLACK ( BIRLA)
Color,0,BLACK (BERGER),BLACK (BERGER)
Color,0,BLACK (LETHER),BLACK (LETHER)
Color,0,BLACK (RANITE),BLACK (RANITE)
Color,0,BLACK (ROLACK),BLACK (ROLACK)
Color,0,BLUE,BLUE
Color,0,BLUE ( ASIAN),BLUE ( ASIAN)
Color,0,BLUE ( BIRLA),BLUE ( BIRLA)
Color,0,BLUE ( KIRAN),BLUE ( KIRAN)
Color,0,BLUE (122-30),BLUE (122-30)
Color,0,BLUE (BERGER),BLUE (BERGER)
Color,0,BLUE (EGRAND),BLUE (EGRAND)
Color,0,BLUE (LOYCAB),BLUE (LOYCAB)
Color,0,BLUE (OLYCAB),BLUE (OLYCAB)
Color,0,BLUE (ROLACK),BLUE (ROLACK)
Color,0,BROWN ( BROWN),BROWN ( BROWN)
Color,0,GREEN,GREEN
Color,0,GREEN ( ASIAN),GREEN ( ASIAN)
Color,0,GREEN ( BIRLA),GREEN ( BIRLA)
Color,0,GREEN ( KIRAN),GREEN ( KIRAN)
Color,0,GREEN (BERGER),GREEN (BERGER)
Color,0,GREEN (EGRAND),GREEN (EGRAND)
Color,0,GREEN (LOYCAB),GREEN (LOYCAB)
Color,0,GREEN (OLYCAB),GREEN (OLYCAB)
Color,0,GREEN (ROLACK),GREEN (ROLACK)
Color,0,GREY ( ASIAN),GREY ( ASIAN)
Color,0,GREY ( BIRLA),GREY ( BIRLA)
Color,0,GREY (BERGER),GREY (BERGER)
Color,0,GREY (ROLACK),GREY (ROLACK)
Color,0,ORANGE,ORANGE
Color,0,ORANGE ( ASIAN),ORANGE ( ASIAN)
Color,0,ORANGE ( BIRLA),ORANGE ( BIRLA)
Color,0,ORANGE (BERGER),ORANGE (BERGER)
Color,0,ORANGE (ROLACK),ORANGE (ROLACK)
Color,0,RED,RED
Color,0,RED ( ASIAN),RED ( ASIAN)
Color,0,RED ( BIRLA),RED ( BIRLA)
Color,0,RED ( KIRAN),RED ( KIRAN)
Color,0,RED (BERGER),RED (BERGER)
Color,0,RED (EGRAND),RED (EGRAND)
Color,0,RED (LOYCAB),RED (LOYCAB)
Color,0,RED (OLYCAB),RED (OLYCAB)
Color,0,RED (ROLACK),RED (ROLACK)
Color,0,STEEL GREY,STEEL GREY
Color,0,STEEL GREY ( ASIAN),STEEL GREY ( ASIAN)
Color,0,STEEL GREY ( BIRLA),STEEL GREY ( BIRLA)
Color,0,STEEL GREY (BERGER),STEEL GREY (BERGER)
Color,0,STEEL GREY (ROLACK),STEEL GREY (ROLACK)
Color,0,WHITE,WHITE
Color,0,WHITE ( ASIAN),WHITE ( ASIAN)
Color,0,WHITE ( BIRLA),WHITE ( BIRLA)
Color,0,WHITE (BERGER),WHITE (BERGER)
Color,0,WHITE (ROLACK),WHITE (ROLACK)
Color,0,YELLOW,YELLOW
Color,0,YELLOW ( ASIAN),YELLOW ( ASIAN)
Color,0,YELLOW ( BIRLA),YELLOW ( BIRLA)
Color,0,YELLOW ( KIRAN),YELLOW ( KIRAN)
Color,0,YELLOW (BERGER),YELLOW (BERGER)
Color,0,YELLOW (EGRAND),YELLOW (EGRAND)
Color,0,YELLOW (LOYCAB),YELLOW (LOYCAB)
Color,0,YELLOW (OLYCAB),YELLOW (OLYCAB)
Color,0,YELLOW (OW F/C),YELLOW (OW F/C)
Color,0,YELLOW (OW M/C),YELLOW (OW M/C)
Color,0,YELLOW (ROLACK),YELLOW (ROLACK)
Concrete Grade,0,M-10,M-10
Concrete Grade,0,M-15,M-15
Concrete Grade,0,M-20,M-20
Concrete Grade,0,M-25,M-25
Concrete Grade,0,M-30,M-30
Concrete Grade,0,M-30 FF,M-30 FF
Concrete Grade,0,M-35,M-35
Concrete Grade,0,M-35 FF,M-35 FF
Concrete Grade,0,M-40,M-40
Concrete Grade,0,M-40 FF,M-40 FF
Concrete Grade,0,M-45,M-45
Concrete Grade,0,M-45 FF,M-45 FF
Concrete Grade,0,M-50,M-50
Concrete Grade,0,M-50 FF,M-50 FF
Concrete Grade,0,M-60,M-60
Concrete Grade,0,M-7,M-7
Connection Type,0,USB,USB
Connection Type,0,WIRELESS,WIRELESS
Cross Section,0,1 SQMM ( KIRAN),1 SQMM ( KIRAN)
Cross Section,0,1 SQMM (EGRAND),1 SQMM (EGRAND)
Cross Section,0,1 SQMM (LOYCAB),1 SQMM (LOYCAB)
Cross Section,0,1.5 SQMM ( KIRAN),1.5 SQMM ( KIRAN)
Cross Section,0,1.5 SQMM (EGRAND),1.5 SQMM (EGRAND)
Cross Section,0,1.5 SQMM (LOYCAB),1.5 SQMM (LOYCAB)
Cross Section,0,1.5 SQMM (OLYCAB),1.5 SQMM (OLYCAB)
Cross Section,0,10 SQMM ( KIRAN),10 SQMM ( KIRAN)
Cross Section,0,10 SQMM (EGRAND),10 SQMM (EGRAND)
Cross Section,0,10 SQMM (LOYCAB),10 SQMM (LOYCAB)
Cross Section,0,10 SQMM (OLYCAB),10 SQMM (OLYCAB)
Cross Section,0,100 SQMM (EGRAND),100 SQMM (EGRAND)
Cross Section,0,100 SQMM (OLYCAB),100 SQMM (OLYCAB)
Cross Section,0,16 SQMM ( KIRAN),16 SQMM ( KIRAN)
Cross Section,0,16 SQMM (EGRAND),16 SQMM (EGRAND)
Cross Section,0,16 SQMM (LOYCAB),16 SQMM (LOYCAB)
Cross Section,0,16 SQMM (OLYCAB),16 SQMM (OLYCAB)
Cross Section,0,185 SQMM (EGRAND),185 SQMM (EGRAND)
Cross Section,0,185 SQMM (OLYCAB),185 SQMM (OLYCAB)
Cross Section,0,2.5 SQMM ( KIRAN),2.5 SQMM ( KIRAN)
Cross Section,0,2.5 SQMM (EGRAND),2.5 SQMM (EGRAND)
Cross Section,0,2.5 SQMM (LOYCAB),2.5 SQMM (LOYCAB)
Cross Section,0,2.5 SQMM (OLYCAB),2.5 SQMM (OLYCAB)
Cross Section,0,25 SQMM ( KIRAN),25 SQMM ( KIRAN)
Cross Section,0,25 SQMM (EGRAND),25 SQMM (EGRAND)
Cross Section,0,25 SQMM (LOYCAB),25 SQMM (LOYCAB)
Cross Section,0,25 SQMM (OLYCAB),25 SQMM (OLYCAB)
Cross Section,0,35 SQMM (EGRAND),35 SQMM (EGRAND)
Cross Section,0,35 SQMM (OLYCAB),35 SQMM (OLYCAB)
Cross Section,0,4 SQMM ( KIRAN),4 SQMM ( KIRAN)
Cross Section,0,4 SQMM (EGRAND),4 SQMM (EGRAND)
Cross Section,0,4 SQMM (LOYCAB),4 SQMM (LOYCAB)
Cross Section,0,4 SQMM (OLYCAB),4 SQMM (OLYCAB)
Cross Section,0,50 SQMM (EGRAND),50 SQMM (EGRAND)
Cross Section,0,50 SQMM (OLYCAB),50 SQMM (OLYCAB)
Cross Section,0,6 SQMM ( KIRAN),6 SQMM ( KIRAN)
Cross Section,0,6 SQMM (EGRAND),6 SQMM (EGRAND)
Cross Section,0,6 SQMM (LOYCAB),6 SQMM (LOYCAB)
Cross Section,0,6 SQMM (OLYCAB),6 SQMM (OLYCAB)
Cross Section,0,75 SQMM (EGRAND),75 SQMM (EGRAND)
Cross Section,0,75 SQMM (OLYCAB),75 SQMM (OLYCAB)
Diameter,0,08MM (-D JSW),08MM (-D JSW)
Diameter,0,08MM (-D UMA),08MM (-D UMA)
Diameter,0,08MM (0 GSPL),08MM (0 GSPL)
Diameter,0,08MM (0 TATA),08MM (0 TATA)
Diameter,0,08MM (00 JSW),08MM (00 JSW)
Diameter,0,08MM (00 UMA),08MM (00 UMA)
Diameter,0,08MM (D GSPL),08MM (D GSPL)
Diameter,0,08MM (D TATA),08MM (D TATA)
Diameter,0,08MM (RAJURI),08MM (RAJURI)
Diameter,0,08MM (REE OM),08MM (REE OM)
Diameter,0,10MM,10MM
Diameter,0,10MM (-D JSW),10MM (-D JSW)
Diameter,0,10MM (-D UMA),10MM (-D UMA)
Diameter,0,10MM (0 GSPL),10MM (0 GSPL)
Diameter,0,10MM (0 TATA),10MM (0 TATA)
Diameter,0,10MM (00 JSW),10MM (00 JSW)
Diameter,0,10MM (00 UMA),10MM (00 UMA)
Diameter,0,10MM (D GSPL),10MM (D GSPL)
Diameter,0,10MM (D TATA),10MM (D TATA)
Diameter,0,10MM (RAJURI),10MM (RAJURI)
Diameter,0,10MM (REE OM),10MM (REE OM)
Diameter,0,12MM,12MM
Diameter,0,12MM (-D JSW),12MM (-D JSW)
Diameter,0,12MM (-D UMA),12MM (-D UMA)
Diameter,0,12MM (0 GSPL),12MM (0 GSPL)
Diameter,0,12MM (0 TATA),12MM (0 TATA)
Diameter,0,12MM (00 JSW),12MM (00 JSW)
Diameter,0,12MM (00 UMA),12MM (00 UMA)
Diameter,0,12MM (D GSPL),12MM (D GSPL)
Diameter,0,12MM (D TATA),12MM (D TATA)
Diameter,0,12MM (RAJURI),12MM (RAJURI)
Diameter,0,12MM (REE OM),12MM (REE OM)
Diameter,0,150MM,150MM
Diameter,0,16MM,16MM
Diameter,0,16MM (-D JSW),16MM (-D JSW)
Diameter,0,16MM (-D UMA),16MM (-D UMA)
Diameter,0,16MM (0 GSPL),16MM (0 GSPL)
Diameter,0,16MM (0 TATA),16MM (0 TATA)
Diameter,0,16MM (00 JSW),16MM (00 JSW)
Diameter,0,16MM (00 UMA),16MM (00 UMA)
Diameter,0,16MM (D GSPL),16MM (D GSPL)
Diameter,0,16MM (D TATA),16MM (D TATA)
Diameter,0,16MM (RAJURI),16MM (RAJURI)
Diameter,0,16MM (REE OM),16MM (REE OM)
Diameter,0,18MM,18MM
Diameter,0,200MM,200MM
Diameter,0,20MM,20MM
Diameter,0,20MM (-D JSW),20MM (-D JSW)
Diameter,0,20MM (-D UMA),20MM (-D UMA)
Diameter,0,20MM (0 GSPL),20MM (0 GSPL)
Diameter,0,20MM (0 TATA),20MM (0 TATA)
Diameter,0,20MM (00 JSW),20MM (00 JSW)
Diameter,0,20MM (00 UMA),20MM (00 UMA)
Diameter,0,20MM (D GSPL),20MM (D GSPL)
Diameter,0,20MM (D TATA),20MM (D TATA)
Diameter,0,20MM (RAJURI),20MM (RAJURI)
Diameter,0,20MM (REE OM),20MM (REE OM)
Diameter,0,25MM (-D JSW),25MM (-D JSW)
Diameter,0,25MM (-D UMA),25MM (-D UMA)
Diameter,0,25MM (0 GSPL),25MM (0 GSPL)
Diameter,0,25MM (0 TATA),25MM (0 TATA)
Diameter,0,25MM (00 JSW),25MM (00 JSW)
Diameter,0,25MM (00 UMA),25MM (00 UMA)
Diameter,0,25MM (D GSPL),25MM (D GSPL)
Diameter,0,25MM (D TATA),25MM (D TATA)
Diameter,0,25MM (RAJURI),25MM (RAJURI)
Diameter,0,25MM (REE OM),25MM (REE OM)
Diameter,0,300MM,300MM
Diameter,0,32MM (-D JSW),32MM (-D JSW)
Diameter,0,32MM (-D UMA),32MM (-D UMA)
Diameter,0,32MM (0 GSPL),32MM (0 GSPL)
Diameter,0,32MM (0 TATA),32MM (0 TATA)
Diameter,0,32MM (00 JSW),32MM (00 JSW)
Diameter,0,32MM (00 UMA),32MM (00 UMA)
Diameter,0,32MM (D GSPL),32MM (D GSPL)
Diameter,0,32MM (D TATA),32MM (D TATA)
Diameter,0,32MM (RAJURI),32MM (RAJURI)
Diameter,0,32MM (REE OM),32MM (REE OM)
Diameter,0,450MM,450MM
Diameter,0,500MM,500MM
Diameter,0,600MM,600MM
Diameter,0,6MM,6MM
Diameter,0,8MM,8MM
Diameter,0,900MM,900MM
Dimensions,0,1'X2',1'X2'
Dimensions,0,1000X20,1000X20
Dimensions,0,100X100X10MM,100X100X10MM
Dimensions,0,100X100X12MM,100X100X12MM
Dimensions,0,100X100X16MM,100X100X16MM
Dimensions,0,100X100X3MM,100X100X3MM
Dimensions,0,100X100X4MM,100X100X4MM
Dimensions,0,100X100X8MM,100X100X8MM
Dimensions,0,100X3MM,100X3MM
Dimensions,0,10X10X2MM,10X10X2MM
Dimensions,0,10X12,10X12
Dimensions,0,11X5,11X5
Dimensions,0,12'X15',12'X15'
Dimensions,0,1200X1800MM,1200X1800MM
Dimensions,0,12X10,12X10
Dimensions,0,12X12MM,12X12MM
Dimensions,0,14X25 ( 14X25),14X25 ( 14X25)
Dimensions,0,14X25 (X25 HD),14X25 (X25 HD)
Dimensions,0,15'X18',15'X18'
Dimensions,0,150X10MM,150X10MM
Dimensions,0,150X12MM,150X12MM
Dimensions,0,150X150X10MM,150X150X10MM
Dimensions,0,150X150X12MM,150X150X12MM
Dimensions,0,150X150X150MM,150X150X150MM
Dimensions,0,150X150X4MM,150X150X4MM
Dimensions,0,150X150X6MM,150X150X6MM
Dimensions,0,150X250X16MM,150X250X16MM
Dimensions,0,150X75MM,150X75MM
Dimensions,0,150X8MM,150X8MM
Dimensions,0,18'X24',18'X24'
Dimensions,0,200X100MM,200X100MM
Dimensions,0,200X200X10MM,200X200X10MM
Dimensions,0,200X200X12MM,200X200X12MM
Dimensions,0,200X200X4MM,200X200X4MM
Dimensions,0,200X200X6MM,200X200X6MM
Dimensions,0,200X200X8MM,200X200X8MM
Dimensions,0,200X250X20MM,200X250X20MM
Dimensions,0,200X300MM,200X300MM
Dimensions,0,200X400X16MM,200X400X16MM
Dimensions,0,200X500X10MM,200X500X10MM
Dimensions,0,200X500X12MM,200X500X12MM
Dimensions,0,230X230X8MM,230X230X8MM
Dimensions,0,24'X30',24'X30'
Dimensions,0,24X30,24X30
Dimensions,0,250X250X10MM,250X250X10MM
Dimensions,0,250X250X4MM,250X250X4MM
Dimensions,0,250X250X6MM,250X250X6MM
Dimensions,0,250X250X8MM,250X250X8MM
Dimensions,0,250X300X20MM,250X300X20MM
Dimensions,0,250X600MM,250X600MM
Dimensions,0,250X75MM,250X75MM
Dimensions,0,25X5MM,25X5MM
Dimensions,0,3'X3,3'X3
Dimensions,0,3'X3' (X3'X7'),3'X3' (X3'X7')
Dimensions,0,"3'X6""","3'X6"""
Dimensions,0,30'X36',30'X36'
Dimensions,0,300X300MM,300X300MM
Dimensions,0,300X300X10MM,300X300X10MM
Dimensions,0,300X300X4MM,300X300X4MM
Dimensions,0,300X300X6MM,300X300X6MM
Dimensions,0,300X300X8MM,300X300X8MM
Dimensions,0,300X450MM,300X450MM
Dimensions,0,300X450X10MM,300X450X10MM
Dimensions,0,300X450X12MM,300X450X12MM
Dimensions,0,300X450X20MM,300X450X20MM
Dimensions,0,300X450X4MM,300X450X4MM
Dimensions,0,300X450X6MM,300X450X6MM
Dimensions,0,300X450X8MM,300X450X8MM
Dimensions,0,300X600MM,300X600MM
Dimensions,0,30X30 (200 MM),30X30 (200 MM)
Dimensions,0,30X30 (250 MM),30X30 (250 MM)
Dimensions,0,30X30 (300 MM),30X30 (300 MM)
Dimensions,0,30X5MM,30X5MM
Dimensions,0,32X5MM,32X5MM
Dimensions,0,"34""X78""","34""X78"""
Dimensions,0,"36""X24""","36""X24"""
Dimensions,0,36'X42',36'X42'
Dimensions,0,"4""X1.5""","4""X1.5"""
Dimensions,0,"4""X2""","4""X2"""
Dimensions,0,"4""X4'","4""X4'"
Dimensions,0,"4""X6'","4""X6'"
Dimensions,0,"4'X4""","4'X4"""
Dimensions,0,"4'X6""","4'X6"""
Dimensions,0,400X300X100MM,400X300X100MM
Dimensions,0,40X5MM,40X5MM
Dimensions,0,450X450MM,450X450MM
Dimensions,0,4X7,4X7
Dimensions,0,"5'X4""","5'X4"""
Dimensions,0,"5'X6""","5'X6"""
Dimensions,0,500X400X100MM,500X400X100MM
Dimensions,0,50X16,50X16
Dimensions,0,50X5MM,50X5MM
Dimensions,0,"52""X30""","52""X30"""
Dimensions,0,"6""X1.5""","6""X1.5"""
Dimensions,0,6'X3',6'X3'
Dimensions,0,6'X4',6'X4'
Dimensions,0,6.75'X2.25',6.75'X2.25'
Dimensions,0,6.75'X2.50',6.75'X2.50'
Dimensions,0,600X1200MM,600X1200MM
Dimensions,0,600X200X100MM ( DLITE),600X200X100MM ( DLITE)
Dimensions,0,600X200X100MM (COLITE),600X200X100MM (COLITE)
Dimensions,0,600X200X100MM (GODREJ),600X200X100MM (GODREJ)
Dimensions,0,600X200X100MM (R LITE),600X200X100MM (R LITE)
Dimensions,0,600X200X150MM ( DLITE),600X200X150MM ( DLITE)
Dimensions,0,600X200X150MM (COLITE),600X200X150MM (COLITE)
Dimensions,0,600X200X150MM (GODREJ),600X200X150MM (GODREJ)
Dimensions,0,600X200X150MM (R LITE),600X200X150MM (R LITE)
Dimensions,0,600X200X200MM ( DLITE),600X200X200MM ( DLITE)
Dimensions,0,600X200X200MM (COLITE),600X200X200MM (COLITE)
Dimensions,0,600X200X200MM (GODREJ),600X200X200MM (GODREJ)
Dimensions,0,600X200X200MM (R LITE),600X200X200MM (R LITE)
Dimensions,0,600X200X230MM ( DLITE),600X200X230MM ( DLITE)
Dimensions,0,600X200X230MM (COLITE),600X200X230MM (COLITE)
Dimensions,0,600X200X230MM (GODREJ),600X200X230MM (GODREJ)
Dimensions,0,600X200X230MM (R LITE),600X200X230MM (R LITE)
Dimensions,0,600X230X16MM,600X230X16MM
Dimensions,0,600X262X16MM,600X262X16MM
Dimensions,0,600X600MM,600X600MM
Dimensions,0,60X5MM,60X5MM
Dimensions,0,60X8MM,60X8MM
Dimensions,0,625X240X100MM ( DLITE),625X240X100MM ( DLITE)
Dimensions,0,625X240X100MM (COLITE),625X240X100MM (COLITE)
Dimensions,0,625X240X100MM (GODREJ),625X240X100MM (GODREJ)
Dimensions,0,625X240X100MM (R LITE),625X240X100MM (R LITE)
Dimensions,0,625X240X125MM ( DLITE),625X240X125MM ( DLITE)
Dimensions,0,625X240X125MM (COLITE),625X240X125MM (COLITE)
Dimensions,0,625X240X125MM (GODREJ),625X240X125MM (GODREJ)
Dimensions,0,625X240X125MM (R LITE),625X240X125MM (R LITE)
Dimensions,0,625X240X200MM ( DLITE),625X240X200MM ( DLITE)
Dimensions,0,625X240X200MM (COLITE),625X240X200MM (COLITE)
Dimensions,0,625X240X200MM (GODREJ),625X240X200MM (GODREJ)
Dimensions,0,625X240X200MM (R LITE),625X240X200MM (R LITE)
Dimensions,0,65X10MM,65X10MM
Dimensions,0,65X6MM,65X6MM
Dimensions,0,6X8,6X8
Dimensions,0,"7'X6""","7'X6"""
Dimensions,0,7.5'X3.75',7.5'X3.75'
Dimensions,0,7.5X50,7.5X50
Dimensions,0,75X5MM,75X5MM
Dimensions,0,75X6MM,75X6MM
Dimensions,0,75X75,75X75
Dimensions,0,"8""X3'","8""X3'"
Dimensions,0,"8""X4'","8""X4'"
Dimensions,0,800X2400MM,800X2400MM
Dimensions,0,800X3000MM (000 MM),800X3000MM (000 MM)
Dimensions,0,800X800MM,800X800MM
Dimensions,0,"81""X30""","81""X30"""
Dimensions,0,"88""X30""","88""X30"""
Dimensions,0,"88""X40""","88""X40"""
Dimensions,0,8X10,8X10
Dimensions,0,9'X12',9'X12'
Dimensions,0,900X1800MM,900X1800MM
Dimensions,0,9X16 (16 2wd),9X16 (16 2wd)
Dimensions,0,9X16 (T 9X16),9X16 (T 9X16)
Finish/Color,0,CRYSTAL,CRYSTAL
Finish/Color,0,PLATINUM PEARI,PLATINUM PEARI
Finish/Color,0,SILVER SHINE,SILVER SHINE
Finish/Color,0,STEEL GRAY GRANITE,STEEL GRAY GRANITE
Finish/Color,0,STONE DP,STONE DP
Finish/Color,0,STONE SP,STONE SP
Fits,0,HAMMER,HAMMER
Fits,0,PICKEX,PICKEX
Fits,0,SPADE,SPADE
Grade,0,AP3,AP3
Grade,0,EP00,EP00
Grade,0,SF ( ASIAN),SF ( ASIAN)
Grade,0,SF ( BIRLA),SF ( BIRLA)
Grade,0,SF (BERGER),SF (BERGER)
Grade,0,SF (ROLACK),SF (ROLACK)
Grit,0,0 NUMBER,0 NUMBER
Grit,0,10 NUMBER,10 NUMBER
Grit,0,50 NUMBER,50 NUMBER
IP Rating,0,IP44 (44 L&T),IP44 (44 L&T)
IP Rating,0,IP44 (EGRAND),IP44 (EGRAND)
IP Rating,0,IP67 (67 L&T),IP67 (67 L&T)
IP Rating,0,IP67 (EGRAND),IP67 (EGRAND)
Length,0,1.5',1.5'
Length,0,10FT,10FT
Length,0,14FT,14FT
Length,0,16FT,16FT
Length,0,2',2'
Length,0,2FT,2FT
Length,0,3 MTR,3 MTR
Length,0,3',3'
Length,0,3FT,3FT
Length,0,4',4'
Length,0,4FT,4FT
Length,0,5FT,5FT
Length,0,6 MTR,6 MTR
Length,0,8FT ('X08MM),8FT ('X08MM)
Length,0,8FT ('X12MM),8FT ('X12MM)
Length,0,8FT ('X18MM),8FT ('X18MM)
Length,0,8FT (4'X6MM),8FT (4'X6MM)
Machine Type,0,"14"" STEEL CUTTING MACHINE","14"" STEEL CUTTING MACHINE"
Machine Type,0,BAR CUTTING MACHINE,BAR CUTTING MACHINE
Machine Type,0,BLOWER MACHINE,BLOWER MACHINE
Machine Type,0,BOSCH BREAKER 11 E,BOSCH BREAKER 11 E
Machine Type,0,BOSCH BREAKER 5 KG,BOSCH BREAKER 5 KG
Machine Type,0,BREAKER 11 KG BOSCH,BREAKER 11 KG BOSCH
Machine Type,0,BREAKER 5 KG BOSCH,BREAKER 5 KG BOSCH
Machine Type,0,BREAKER MACHINE 11 KG HILTI,BREAKER MACHINE 11 KG HILTI
Machine Type,0,BREAKER MACHINE 11 KG MACHINE,BREAKER MACHINE 11 KG MACHINE
Machine Type,0,BREAKER MACHINE 5 KG MACHINE,BREAKER MACHINE 5 KG MACHINE
Machine Type,0,DRIL MACHINE,DRIL MACHINE
Machine Type,0,GRANDER,GRANDER
Machine Type,0,"GRINDER 4""","GRINDER 4"""
Machine Type,0,GSH500 BREAKER MACHINE,GSH500 BREAKER MACHINE
Machine Type,0,HAMMER DRILL,HAMMER DRILL
Machine Type,0,PD-100 GRINDER MACHINE,PD-100 GRINDER MACHINE
Machine Type,0,"STEEL CUTTING MACHINE 14""","STEEL CUTTING MACHINE 14"""
Machine Type,0,T.CRANE,T.CRANE
Material Type,0,BRASS,BRASS
Material Type,0,COTTON,COTTON
Material Type,0,FIBER,FIBER
Material Type,0,GI,GI
Material Type,0,GI ( 08 MM),GI ( 08 MM)
Material Type,0,GI ( 10 MM),GI ( 10 MM)
Material Type,0,GI ( 12 MM),GI ( 12 MM)
Material Type,0,GI ( 16 MM),GI ( 16 MM)
Material Type,0,GI ( GUAGE),GI ( GUAGE)
Material Type,0,GI (00X300),GI (00X300)
Material Type,0,GI (00X600),GI (00X600)
Material Type,0,GI (0X1200),GI (0X1200)
Material Type,0,GI (100 MM),GI (100 MM)
Material Type,0,GI (150 MM),GI (150 MM)
Material Type,0,GI (200 MM),GI (200 MM)
Material Type,0,GI (250 MM),GI (250 MM)
Material Type,0,GI (300 MM),GI (300 MM)
Material Type,0,GI (450 MM),GI (450 MM)
Material Type,0,GI (600 MM),GI (600 MM)
Material Type,0,GI (T 1 MM),GI (T 1 MM)
Material Type,0,GI (T 2 MM),GI (T 2 MM)
Material Type,0,GI (T 3 MM),GI (T 3 MM)
Material Type,0,GI (T 4 MM),GI (T 4 MM)
Material Type,0,LEATHER,LEATHER
Material Type,0,METAL,METAL
Material Type,0,MS ( 08 MM),MS ( 08 MM)
Material Type,0,MS ( 10 MM),MS ( 10 MM)
Material Type,0,MS ( 12 MM),MS ( 12 MM)
Material Type,0,MS ( 16 MM),MS ( 16 MM)
Material Type,0,"MS ( 2""X2"")","MS ( 2""X2"")"
Material Type,0,"MS ( 2""X3"")","MS ( 2""X3"")"
Material Type,0,"MS ( 2""X4"")","MS ( 2""X4"")"
Material Type,0,MS ( 20 MM),MS ( 20 MM)
Material Type,0,MS ( 25 MM),MS ( 25 MM)
Material Type,0,MS ( 32 MM),MS ( 32 MM)
Material Type,0,"MS ( 4""X4"")","MS ( 4""X4"")"
Material Type,0,"MS ( 4""X6"")","MS ( 4""X6"")"
Material Type,0,"MS ( 4""X8"")","MS ( 4""X8"")"
Material Type,0,MS ( 4'X4'),MS ( 4'X4')
Material Type,0,MS ( 40 MM),MS ( 40 MM)
Material Type,0,MS ( 50 MM),MS ( 50 MM)
Material Type,0,MS ( 6'X4'),MS ( 6'X4')
Material Type,0,MS ( 75 MM),MS ( 75 MM)
Material Type,0,MS ( 8'X4'),MS ( 8'X4')
Material Type,0,MS ( GUAGE),MS ( GUAGE)
Material Type,0,MS (0X3 MM),MS (0X3 MM)
Material Type,0,MS (0X4 MM),MS (0X4 MM)
Material Type,0,MS (0X5 MM),MS (0X5 MM)
Material Type,0,MS (0X6 MM),MS (0X6 MM)
Material Type,0,MS (0X8 MM),MS (0X8 MM)
Material Type,0,MS (100 MM),MS (100 MM)
Material Type,0,MS (ADI 8'),MS (ADI 8')
Material Type,0,MS (AP 10'),MS (AP 10')
Material Type,0,MS (AP 12'),MS (AP 12')
Material Type,0,MS (BAL 5'),MS (BAL 5')
Material Type,0,MS (BAL 7'),MS (BAL 7')
Material Type,0,MS (DI 10'),MS (DI 10')
Material Type,0,MS (DI 12'),MS (DI 12')
Material Type,0,"MS (DLE 4"")","MS (DLE 4"")"
Material Type,0,"MS (DLE 6"")","MS (DLE 6"")"
Material Type,0,"MS (EL 10"")","MS (EL 10"")"
Material Type,0,"MS (EL 12"")","MS (EL 12"")"
Material Type,0,"MS (GES 2"")","MS (GES 2"")"
Material Type,0,"MS (GES 3"")","MS (GES 3"")"
Material Type,0,"MS (GES 4"")","MS (GES 4"")"
Material Type,0,"MS (GES 5"")","MS (GES 5"")"
Material Type,0,"MS (GES 6"")","MS (GES 6"")"
Material Type,0,MS (ING 8'),MS (ING 8')
Material Type,0,MS (NG 10'),MS (NG 10')
Material Type,0,MS (RAP 8'),MS (RAP 8')
Material Type,0,"MS (S 2.5"")","MS (S 2.5"")"
Material Type,0,"MS (SEL 8"")","MS (SEL 8"")"
Material Type,0,MS (X10 MM),MS (X10 MM)
Material Type,0,MS (X12 MM),MS (X12 MM)
Material Type,0,MS (X16 MM),MS (X16 MM)
Material Type,0,MS (X20 MM),MS (X20 MM)
Material Type,0,MS (X25 MM),MS (X25 MM)
Material Type,0,PVC,PVC
Material Type,0,PVC (MM DIA),PVC (MM DIA)
Material Type,0,RUBBER,RUBBER
Modular,0,1 WAY (ANCHOR),1 WAY (ANCHOR)
Modular,0,1 WAY (EGRAND),1 WAY (EGRAND)
Modular,0,12 MODULAR,12 MODULAR
Modular,0,12 WAY ( W L&T),12 WAY ( W L&T)
Modular,0,12 WAY (ANCHOR),12 WAY (ANCHOR)
Modular,0,12 WAY (EGRAND),12 WAY (EGRAND)
Modular,0,12 WAY (W ROMA),12 WAY (W ROMA)
Modular,0,18 WAY (EGRAND),18 WAY (EGRAND)
Modular,0,18 WAY (W ROMA),18 WAY (W ROMA)
Modular,0,2 WAY (ANCHOR),2 WAY (ANCHOR)
Modular,0,2 WAY (EGRAND),2 WAY (EGRAND)
Modular,0,2 WAY (W ROMA),2 WAY (W ROMA)
Modular,0,20 WAY (HILIPS),20 WAY (HILIPS)
Modular,0,20 WAY (OMPTON),20 WAY (OMPTON)
Modular,0,24 WAY (HILIPS),24 WAY (HILIPS)
Modular,0,24 WAY (OMPTON),24 WAY (OMPTON)
Modular,0,3 WAY (ANCHOR),3 WAY (ANCHOR)
Modular,0,3 WAY (EGRAND),3 WAY (EGRAND)
Modular,0,3 WAY (W ROMA),3 WAY (W ROMA)
Modular,0,4 MODULAR,4 MODULAR
Modular,0,4 WAY (ANCHOR),4 WAY (ANCHOR)
Modular,0,4 WAY (EGRAND),4 WAY (EGRAND)
Modular,0,4 WAY (W ROMA),4 WAY (W ROMA)
Modular,0,40 WAY (HILIPS),40 WAY (HILIPS)
Modular,0,40 WAY (OMPTON),40 WAY (OMPTON)
Modular,0,6 WAY ( W L&T),6 WAY ( W L&T)
Modular,0,6 WAY (ANCHOR),6 WAY (ANCHOR)
Modular,0,6 WAY (EGRAND),6 WAY (EGRAND)
Modular,0,6 WAY (W ROMA),6 WAY (W ROMA)
Modular,0,8 MODULAR,8 MODULAR
Modular,0,8 WAY ( W L&T),8 WAY ( W L&T)
Modular,0,8 WAY (ANCHOR),8 WAY (ANCHOR)
Modular,0,8 WAY (EGRAND),8 WAY (EGRAND)
Modular,0,8 WAY (W ROMA),8 WAY (W ROMA)
Pages,0,100 PAGE,100 PAGE
Pages,0,200 PAGE,200 PAGE
Pairs,0,2 PAIR,2 PAIR
Pairs,0,5 PAIR,5 PAIR
Paper Size,0,A3,A3
Paper Size,0,A4,A4
Part Number,0,2201,2201
Part Number,0,2204,2204
Part Number,0,608,608
Part Number,0,609,609
Part Number,0,6201,6201
Part Number,0,628,628
Part Number,0,6406,6406
Part Number,0,698,698
Part Number,0,A-69,A-69
Part Number,0,B-39,B-39
Poles,0,2 POLE (EGRAND),2 POLE (EGRAND)
Poles,0,2 POLE (LE L&T),2 POLE (LE L&T)
Poles,0,3 POLE (EGRAND),3 POLE (EGRAND)
Poles,0,3 POLE (LE L&T),3 POLE (LE L&T)
Poles,0,4 POLE (EGRAND),4 POLE (EGRAND)
Poles,0,4 POLE (LE L&T),4 POLE (LE L&T)
Product Type,0,AR,AR
Product Type,0,DR.FIXIT CONCRETE JOINT BONDING AGENT,DR.FIXIT CONCRETE JOINT BONDING AGENT
Product Type,0,EP,EP
Product Type,0,SBR LATEX,SBR LATEX
Product Type,0,URP,URP
Shape,0,PLASTIC,PLASTIC
Shape,0,ROUND ( 20 MM),ROUND ( 20 MM)
Shape,0,ROUND ( 25 MM),ROUND ( 25 MM)
Shape,0,ROUND ( 30 MM),ROUND ( 30 MM)
Shape,0,ROUND ( 40 MM),ROUND ( 40 MM)
Shape,0,ROUND ( 60 MM),ROUND ( 60 MM)
Shape,0,ROUND ( 75 MM),ROUND ( 75 MM)
Shape,0,ROUND ( MM ZF),ROUND ( MM ZF)
Shape,0,ROUND ( MM ZR),ROUND ( MM ZR)
Shape,0,SQUARE ( 20 MM),SQUARE ( 20 MM)
Shape,0,SQUARE ( 25 MM),SQUARE ( 25 MM)
Shape,0,SQUARE ( 30 MM),SQUARE ( 30 MM)
Shape,0,SQUARE ( 40 MM),SQUARE ( 40 MM)
Shape,0,SQUARE ( MM ZS),SQUARE ( MM ZS)
Size,0,0.5MM,0.5MM
Size,0,01MM,01MM
Size,0,02MM,02MM
Size,0,04MM,04MM
Size,0,05MM,05MM
Size,0,06MM,06MM
Size,0,08MM,08MM
Size,0,"1""","1"""
Size,0,"1.5""","1.5"""
Size,0,"1.5""X12","1.5""X12"
Size,0,1.5MM,1.5MM
Size,0,"1/2"" ("" CERA)","1/2"" ("" CERA)"
Size,0,"1/2"" (EROVIT)","1/2"" (EROVIT)"
Size,0,"1/2"" (JAQUAR)","1/2"" (JAQUAR)"
Size,0,"1/2"" (OHNSON)","1/2"" (OHNSON)"
Size,0,"10""","10"""
Size,0,100MM,100MM
Size,0,100MM ( 100MM),100MM ( 100MM)
Size,0,100MM ( BOSCH),100MM ( BOSCH)
Size,0,100MM (EROVIT),100MM (EROVIT)
Size,0,100MM (ITACHI),100MM (ITACHI)
Size,0,100MM (JAQUAR),100MM (JAQUAR)
Size,0,100MM (M CERA),100MM (M CERA)
Size,0,100MM (OHNSON),100MM (OHNSON)
Size,0,100X10MM,100X10MM
Size,0,100X12MM,100X12MM
Size,0,100X16MM,100X16MM
Size,0,100X18MM,100X18MM
Size,0,100X20MM,100X20MM
Size,0,100X22MM,100X22MM
Size,0,100X25MM,100X25MM
Size,0,100X40MM,100X40MM
Size,0,100X50MM,100X50MM
Size,0,100X5MM,100X5MM
Size,0,100X65MM,100X65MM
Size,0,100X6MM,100X6MM
Size,0,100X75MM,100X75MM
Size,0,100X8/10,100X8/10
Size,0,10MM,10MM
Size,0,10X100,10X100
Size,0,10X100MM,10X100MM
Size,0,10X11MM,10X11MM
Size,0,10X150MM,10X150MM
Size,0,10X75,10X75
Size,0,10X75MM,10X75MM
Size,0,110MM,110MM
Size,0,110MM (ASTRAL),110MM (ASTRAL)
Size,0,110MM (DUTRON),110MM (DUTRON)
Size,0,110MM (HIRVAD),110MM (HIRVAD)
Size,0,110MM (RAKSHA),110MM (RAKSHA)
Size,0,110MM (UPREME),110MM (UPREME)
Size,0,110X110MM (ASTRAL),110X110MM (ASTRAL)
Size,0,110X110MM (DUTRON),110X110MM (DUTRON)
Size,0,110X110MM (HIRVAD),110X110MM (HIRVAD)
Size,0,110X110MM (RAKSHA),110X110MM (RAKSHA)
Size,0,110X110MM (UPREME),110X110MM (UPREME)
Size,0,110X50X40MM (ASTRAL),110X50X40MM (ASTRAL)
Size,0,110X50X40MM (DUTRON),110X50X40MM (DUTRON)
Size,0,110X50X40MM (HIRVAD),110X50X40MM (HIRVAD)
Size,0,110X50X40MM (RAKSHA),110X50X40MM (RAKSHA)
Size,0,110X50X40MM (UPREME),110X50X40MM (UPREME)
Size,0,110X63MM,110X63MM
Size,0,110X63MM (ASTRAL),110X63MM (ASTRAL)
Size,0,110X63MM (DUTRON),110X63MM (DUTRON)
Size,0,110X63MM (HIRVAD),110X63MM (HIRVAD)
Size,0,110X63MM (RAKSHA),110X63MM (RAKSHA)
Size,0,110X63MM (UPREME),110X63MM (UPREME)
Size,0,110X75MM (ASTRAL),110X75MM (ASTRAL)
Size,0,110X75MM (DUTRON),110X75MM (DUTRON)
Size,0,110X75MM (HIRVAD),110X75MM (HIRVAD)
Size,0,110X75MM (RAKSHA),110X75MM (RAKSHA)
Size,0,110X75MM (UPREME),110X75MM (UPREME)
Size,0,110X90MM (ASTRAL),110X90MM (ASTRAL)
Size,0,110X90MM (DUTRON),110X90MM (DUTRON)
Size,0,110X90MM (HIRVAD),110X90MM (HIRVAD)
Size,0,110X90MM (RAKSHA),110X90MM (RAKSHA)
Size,0,110X90MM (UPREME),110X90MM (UPREME)
Size,0,"12""","12"""
Size,0,1200X1200MM,1200X1200MM
Size,0,125MM,125MM
Size,0,125MM (ASTRAL),125MM (ASTRAL)
Size,0,125MM (DUTRON),125MM (DUTRON)
Size,0,125MM (HIRVAD),125MM (HIRVAD)
Size,0,125MM (R TYPE),125MM (R TYPE)
Size,0,125MM (RAKSHA),125MM (RAKSHA)
Size,0,125MM (S TYPE),125MM (S TYPE)
Size,0,125MM (UPREME),125MM (UPREME)
Size,0,125X110MM (ASTRAL),125X110MM (ASTRAL)
Size,0,125X110MM (DUTRON),125X110MM (DUTRON)
Size,0,125X110MM (HIRVAD),125X110MM (HIRVAD)
Size,0,125X110MM (RAKSHA),125X110MM (RAKSHA)
Size,0,125X110MM (UPREME),125X110MM (UPREME)
Size,0,12MM,12MM
Size,0,12X100MM,12X100MM
Size,0,12X13MM,12X13MM
Size,0,12X150MM,12X150MM
Size,0,12X75MM,12X75MM
Size,0,140MM (ASTRAL),140MM (ASTRAL)
Size,0,140MM (DUTRON),140MM (DUTRON)
Size,0,140MM (HIRVAD),140MM (HIRVAD)
Size,0,140MM (RAKSHA),140MM (RAKSHA)
Size,0,140MM (UPREME),140MM (UPREME)
Size,0,140X110MM (ASTRAL),140X110MM (ASTRAL)
Size,0,140X110MM (DUTRON),140X110MM (DUTRON)
Size,0,140X110MM (HIRVAD),140X110MM (HIRVAD)
Size,0,140X110MM (RAKSHA),140X110MM (RAKSHA)
Size,0,140X110MM (UPREME),140X110MM (UPREME)
Size,0,14MM,14MM
Size,0,14X15MM,14X15MM
Size,0,150MM,150MM
Size,0,150MM (EROVIT),150MM (EROVIT)
Size,0,150MM (JAQUAR),150MM (JAQUAR)
Size,0,150MM (M CERA),150MM (M CERA)
Size,0,150MM (OHNSON),150MM (OHNSON)
Size,0,150X10MM,150X10MM
Size,0,150X12MM,150X12MM
Size,0,150X16MM,150X16MM
Size,0,150X18MM,150X18MM
Size,0,150X20MM,150X20MM
Size,0,150X22MM,150X22MM
Size,0,150X25MM,150X25MM
Size,0,150X5MM,150X5MM
Size,0,150X6MM,150X6MM
Size,0,150X8MM,150X8MM
Size,0,15MM,15MM
Size,0,15MM (ASTRAL),15MM (ASTRAL)
Size,0,15MM (DUTRON),15MM (DUTRON)
Size,0,15MM (HIRVAD),15MM (HIRVAD)
Size,0,15MM (RAKSHA),15MM (RAKSHA)
Size,0,15MM (UPREME),15MM (UPREME)
Size,0,15X100MM,15X100MM
Size,0,15X50MM,15X50MM
Size,0,15X75MM,15X75MM
Size,0,160MM (ASTRAL),160MM (ASTRAL)
Size,0,160MM (DUTRON),160MM (DUTRON)
Size,0,160MM (HIRVAD),160MM (HIRVAD)
Size,0,160MM (RAKSHA),160MM (RAKSHA)
Size,0,160MM (UPREME),160MM (UPREME)
Size,0,160X110MM (ASTRAL),160X110MM (ASTRAL)
Size,0,160X110MM (DUTRON),160X110MM (DUTRON)
Size,0,160X110MM (HIRVAD),160X110MM (HIRVAD)
Size,0,160X110MM (RAKSHA),160X110MM (RAKSHA)
Size,0,160X110MM (UPREME),160X110MM (UPREME)
Size,0,160X140MM (ASTRAL),160X140MM (ASTRAL)
Size,0,160X140MM (DUTRON),160X140MM (DUTRON)
Size,0,160X140MM (HIRVAD),160X140MM (HIRVAD)
Size,0,160X140MM (RAKSHA),160X140MM (RAKSHA)
Size,0,160X140MM (UPREME),160X140MM (UPREME)
Size,0,16MM,16MM
Size,0,16X100MM,16X100MM
Size,0,16X150MM,16X150MM
Size,0,16X17MM,16X17MM
Size,0,16X75MM,16X75MM
Size,0,"18"" ("" CERA)","18"" ("" CERA)"
Size,0,"18"" (EROVIT)","18"" (EROVIT)"
Size,0,"18"" (JAQUAR)","18"" (JAQUAR)"
Size,0,"18"" (OHNSON)","18"" (OHNSON)"
Size,0,180MM (ASTRAL),180MM (ASTRAL)
Size,0,180MM (DUTRON),180MM (DUTRON)
Size,0,180MM (HIRVAD),180MM (HIRVAD)
Size,0,180MM (RAKSHA),180MM (RAKSHA)
Size,0,180MM (UPREME),180MM (UPREME)
Size,0,18MM,18MM
Size,0,18X100MM,18X100MM
Size,0,18X150MM,18X150MM
Size,0,18X19MM,18X19MM
Size,0,18X75MM,18X75MM
Size,0,1MM,1MM
Size,0,"2""","2"""
Size,0,"2""X10","2""X10"
Size,0,"2""X8","2""X8"
Size,0,"2.5""","2.5"""
Size,0,"2.5""X10","2.5""X10"
Size,0,2.5MM,2.5MM
Size,0,2.5MM (5MM 09),2.5MM (5MM 09)
Size,0,2.5MM (A TO Z),2.5MM (A TO Z)
Size,0,"20""","20"""
Size,0,200MM,200MM
Size,0,200MM (ASTRAL),200MM (ASTRAL)
Size,0,200MM (DUTRON),200MM (DUTRON)
Size,0,200MM (HIRVAD),200MM (HIRVAD)
Size,0,200MM (RAKSHA),200MM (RAKSHA)
Size,0,200MM (UPREME),200MM (UPREME)
Size,0,200X10MM,200X10MM
Size,0,200X110MM (ASTRAL),200X110MM (ASTRAL)
Size,0,200X110MM (DUTRON),200X110MM (DUTRON)
Size,0,200X110MM (HIRVAD),200X110MM (HIRVAD)
Size,0,200X110MM (RAKSHA),200X110MM (RAKSHA)
Size,0,200X110MM (UPREME),200X110MM (UPREME)
Size,0,200X12MM,200X12MM
Size,0,200X140MM (ASTRAL),200X140MM (ASTRAL)
Size,0,200X140MM (DUTRON),200X140MM (DUTRON)
Size,0,200X140MM (HIRVAD),200X140MM (HIRVAD)
Size,0,200X140MM (RAKSHA),200X140MM (RAKSHA)
Size,0,200X140MM (UPREME),200X140MM (UPREME)
Size,0,200X160MM (ASTRAL),200X160MM (ASTRAL)
Size,0,200X160MM (DUTRON),200X160MM (DUTRON)
Size,0,200X160MM (HIRVAD),200X160MM (HIRVAD)
Size,0,200X160MM (RAKSHA),200X160MM (RAKSHA)
Size,0,200X160MM (UPREME),200X160MM (UPREME)
Size,0,200X16MM,200X16MM
Size,0,200X18MM,200X18MM
Size,0,200X20MM,200X20MM
Size,0,200X22MM,200X22MM
Size,0,200X25MM,200X25MM
Size,0,200X6MM,200X6MM
Size,0,200X8MM,200X8MM
Size,0,20MM,20MM
Size,0,20MM (ASTRAL),20MM (ASTRAL)
Size,0,20MM (DUTRON),20MM (DUTRON)
Size,0,20MM (HIRVAD),20MM (HIRVAD)
Size,0,20MM (RAKSHA),20MM (RAKSHA)
Size,0,20MM (UPREME),20MM (UPREME)
Size,0,20X100MM,20X100MM
Size,0,20X150MM,20X150MM
Size,0,20X15MM,20X15MM
Size,0,20X15MM (ASTRAL),20X15MM (ASTRAL)
Size,0,20X15MM (DUTRON),20X15MM (DUTRON)
Size,0,20X15MM (HIRVAD),20X15MM (HIRVAD)
Size,0,20X15MM (RAKSHA),20X15MM (RAKSHA)
Size,0,20X15MM (UPREME),20X15MM (UPREME)
Size,0,20X22MM,20X22MM
Size,0,20X50MM,20X50MM
Size,0,20X75MM,20X75MM
Size,0,21X23MM,21X23MM
Size,0,225MM,225MM
Size,0,225MM (ASTRAL),225MM (ASTRAL)
Size,0,225MM (DUTRON),225MM (DUTRON)
Size,0,225MM (HIRVAD),225MM (HIRVAD)
Size,0,225MM (RAKSHA),225MM (RAKSHA)
Size,0,225MM (UPREME),225MM (UPREME)
Size,0,225X9MM,225X9MM
Size,0,22MM,22MM
Size,0,"23""","23"""
Size,0,230X6MM,230X6MM
Size,0,"24""","24"""
Size,0,24X27MM,24X27MM
Size,0,250MM,250MM
Size,0,250MM (ASTRAL),250MM (ASTRAL)
Size,0,250MM (DUTRON),250MM (DUTRON)
Size,0,250MM (HIRVAD),250MM (HIRVAD)
Size,0,250MM (RAKSHA),250MM (RAKSHA)
Size,0,250MM (UPREME),250MM (UPREME)
Size,0,250X10MM,250X10MM
Size,0,250X12MM,250X12MM
Size,0,250X16MM,250X16MM
Size,0,250X18MM,250X18MM
Size,0,250X20MM,250X20MM
Size,0,250X22MM,250X22MM
Size,0,250X25MM,250X25MM
Size,0,250X8MM,250X8MM
Size,0,25MM,25MM
Size,0,25MM (ANCHOR),25MM (ANCHOR)
Size,0,25MM (ASTRAL),25MM (ASTRAL)
Size,0,25MM (DUTRON),25MM (DUTRON)
Size,0,25MM (HIRVAD),25MM (HIRVAD)
Size,0,25MM (IAMOND),25MM (IAMOND)
Size,0,25MM (RAKSHA),25MM (RAKSHA)
Size,0,25MM (UPREME),25MM (UPREME)
Size,0,25X100MM,25X100MM
Size,0,25X150MM,25X150MM
Size,0,25X15MM,25X15MM
Size,0,25X15MM (ASTRAL),25X15MM (ASTRAL)
Size,0,25X15MM (DUTRON),25X15MM (DUTRON)
Size,0,25X15MM (HIRVAD),25X15MM (HIRVAD)
Size,0,25X15MM (RAKSHA),25X15MM (RAKSHA)
Size,0,25X15MM (UPREME),25X15MM (UPREME)
Size,0,25X20MM,25X20MM
Size,0,25X20MM (ASTRAL),25X20MM (ASTRAL)
Size,0,25X20MM (DUTRON),25X20MM (DUTRON)
Size,0,25X20MM (HIRVAD),25X20MM (HIRVAD)
Size,0,25X20MM (RAKSHA),25X20MM (RAKSHA)
Size,0,25X20MM (UPREME),25X20MM (UPREME)
Size,0,25X50MM,25X50MM
Size,0,25X6,25X6
Size,0,25X75MM,25X75MM
Size,0,25X8,25X8
Size,0,280MM (ASTRAL),280MM (ASTRAL)
Size,0,280MM (DUTRON),280MM (DUTRON)
Size,0,280MM (HIRVAD),280MM (HIRVAD)
Size,0,280MM (RAKSHA),280MM (RAKSHA)
Size,0,280MM (UPREME),280MM (UPREME)
Size,0,2MM,2MM
Size,0,"3""","3"""
Size,0,"3""X10","3""X10"
Size,0,3.15MM,3.15MM
Size,0,300MM,300MM
Size,0,300X10MM,300X10MM
Size,0,300X12MM,300X12MM
Size,0,300X16MM,300X16MM
Size,0,300X18MM,300X18MM
Size,0,300X20MM,300X20MM
Size,0,300X22MM,300X22MM
Size,0,300X300MM,300X300MM
Size,0,300X450MM,300X450MM
Size,0,300X8MM,300X8MM
Size,0,30X32MM,30X32MM
Size,0,315MM (ASTRAL),315MM (ASTRAL)
Size,0,315MM (DUTRON),315MM (DUTRON)
Size,0,315MM (HIRVAD),315MM (HIRVAD)
Size,0,315MM (RAKSHA),315MM (RAKSHA)
Size,0,315MM (UPREME),315MM (UPREME)
Size,0,"32""","32"""
Size,0,32MM,32MM
Size,0,32MM (ANCHOR),32MM (ANCHOR)
Size,0,32MM (ASTRAL),32MM (ASTRAL)
Size,0,32MM (DUTRON),32MM (DUTRON)
Size,0,32MM (HIRVAD),32MM (HIRVAD)
Size,0,32MM (IAMOND),32MM (IAMOND)
Size,0,32MM (RAKSHA),32MM (RAKSHA)
Size,0,32MM (UPREME),32MM (UPREME)
Size,0,32X100MM,32X100MM
Size,0,32X150MM,32X150MM
Size,0,32X15MM (ASTRAL),32X15MM (ASTRAL)
Size,0,32X15MM (DUTRON),32X15MM (DUTRON)
Size,0,32X15MM (HIRVAD),32X15MM (HIRVAD)
Size,0,32X15MM (RAKSHA),32X15MM (RAKSHA)
Size,0,32X15MM (UPREME),32X15MM (UPREME)
Size,0,32X20MM (2X20MM),32X20MM (2X20MM)
Size,0,32X20MM (ASTRAL),32X20MM (ASTRAL)
Size,0,32X20MM (DUTRON),32X20MM (DUTRON)
Size,0,32X20MM (HIRVAD),32X20MM (HIRVAD)
Size,0,32X20MM (RAKSHA),32X20MM (RAKSHA)
Size,0,32X20MM (UPREME),32X20MM (UPREME)
Size,0,32X25MM,32X25MM
Size,0,32X25MM (ASTRAL),32X25MM (ASTRAL)
Size,0,32X25MM (DUTRON),32X25MM (DUTRON)
Size,0,32X25MM (HIRVAD),32X25MM (HIRVAD)
Size,0,32X25MM (RAKSHA),32X25MM (RAKSHA)
Size,0,32X25MM (UPREME),32X25MM (UPREME)
Size,0,32X50MM,32X50MM
Size,0,32X75MM,32X75MM
Size,0,34X36MM,34X36MM
Size,0,350MM ( BOSCH),350MM ( BOSCH)
Size,0,350MM (ITACHI),350MM (ITACHI)
Size,0,355MM (ASTRAL),355MM (ASTRAL)
Size,0,355MM (DUTRON),355MM (DUTRON)
Size,0,355MM (HIRVAD),355MM (HIRVAD)
Size,0,355MM (RAKSHA),355MM (RAKSHA)
Size,0,355MM (UPREME),355MM (UPREME)
Size,0,35MM,35MM
Size,0,35X6,35X6
Size,0,35X8,35X8
Size,0,36MM,36MM
Size,0,38MM,38MM
Size,0,3MM,3MM
Size,0,3MM (120 No),3MM (120 No)
Size,0,3MM (150 No),3MM (150 No)
Size,0,3MM (180 No),3MM (180 No)
Size,0,"4""","4"""
Size,0,"4""X10","4""X10"
Size,0,4.0MM,4.0MM
Size,0,400MM (ASTRAL),400MM (ASTRAL)
Size,0,400MM (DUTRON),400MM (DUTRON)
Size,0,400MM (HIRVAD),400MM (HIRVAD)
Size,0,400MM (RAKSHA),400MM (RAKSHA)
Size,0,400MM (UPREME),400MM (UPREME)
Size,0,40MM,40MM
Size,0,40MM (ASTRAL),40MM (ASTRAL)
Size,0,40MM (DUTRON),40MM (DUTRON)
Size,0,40MM (EROVIT),40MM (EROVIT)
Size,0,40MM (HIRVAD),40MM (HIRVAD)
Size,0,40MM (JAQUAR),40MM (JAQUAR)
Size,0,40MM (M CERA),40MM (M CERA)
Size,0,40MM (OHNSON),40MM (OHNSON)
Size,0,40MM (RAKSHA),40MM (RAKSHA)
Size,0,40MM (UPREME),40MM (UPREME)
Size,0,40X100MM,40X100MM
Size,0,40X150MM,40X150MM
Size,0,40X15MM,40X15MM
Size,0,40X15MM (ASTRAL),40X15MM (ASTRAL)
Size,0,40X15MM (DUTRON),40X15MM (DUTRON)
Size,0,40X15MM (HIRVAD),40X15MM (HIRVAD)
Size,0,40X15MM (RAKSHA),40X15MM (RAKSHA)
Size,0,40X15MM (UPREME),40X15MM (UPREME)
Size,0,40X20MM,40X20MM
Size,0,40X20MM (ASTRAL),40X20MM (ASTRAL)
Size,0,40X20MM (DUTRON),40X20MM (DUTRON)
Size,0,40X20MM (HIRVAD),40X20MM (HIRVAD)
Size,0,40X20MM (RAKSHA),40X20MM (RAKSHA)
Size,0,40X20MM (UPREME),40X20MM (UPREME)
Size,0,40X25MM,40X25MM
Size,0,40X25MM (ASTRAL),40X25MM (ASTRAL)
Size,0,40X25MM (DUTRON),40X25MM (DUTRON)
Size,0,40X25MM (HIRVAD),40X25MM (HIRVAD)
Size,0,40X25MM (RAKSHA),40X25MM (RAKSHA)
Size,0,40X25MM (UPREME),40X25MM (UPREME)
Size,0,40X32MM,40X32MM
Size,0,40X32MM (ASTRAL),40X32MM (ASTRAL)
Size,0,40X32MM (DUTRON),40X32MM (DUTRON)
Size,0,40X32MM (HIRVAD),40X32MM (HIRVAD)
Size,0,40X32MM (RAKSHA),40X32MM (RAKSHA)
Size,0,40X32MM (UPREME),40X32MM (UPREME)
Size,0,40X50MM,40X50MM
Size,0,40X75MM,40X75MM
Size,0,450X450MM,450X450MM
Size,0,45MM,45MM
Size,0,"48""","48"""
Size,0,4MM,4MM
Size,0,4MM (4MM 09),4MM (4MM 09)
Size,0,4MM (A TO Z),4MM (A TO Z)
Size,0,"5""","5"""
Size,0,50MM,50MM
Size,0,50MM (ASTRAL),50MM (ASTRAL)
Size,0,50MM (DUTRON),50MM (DUTRON)
Size,0,50MM (HIRVAD),50MM (HIRVAD)
Size,0,50MM (RAKSHA),50MM (RAKSHA)
Size,0,50MM (UPREME),50MM (UPREME)
Size,0,50X10,50X10
Size,0,50X100MM,50X100MM
Size,0,50X150MM,50X150MM
Size,0,50X15MM,50X15MM
Size,0,50X15MM (ASTRAL),50X15MM (ASTRAL)
Size,0,50X15MM (DUTRON),50X15MM (DUTRON)
Size,0,50X15MM (HIRVAD),50X15MM (HIRVAD)
Size,0,50X15MM (RAKSHA),50X15MM (RAKSHA)
Size,0,50X15MM (UPREME),50X15MM (UPREME)
Size,0,50X20MM,50X20MM
Size,0,50X20MM (ASTRAL),50X20MM (ASTRAL)
Size,0,50X20MM (DUTRON),50X20MM (DUTRON)
Size,0,50X20MM (HIRVAD),50X20MM (HIRVAD)
Size,0,50X20MM (RAKSHA),50X20MM (RAKSHA)
Size,0,50X20MM (UPREME),50X20MM (UPREME)
Size,0,50X25MM,50X25MM
Size,0,50X25MM (ASTRAL),50X25MM (ASTRAL)
Size,0,50X25MM (DUTRON),50X25MM (DUTRON)
Size,0,50X25MM (HIRVAD),50X25MM (HIRVAD)
Size,0,50X25MM (RAKSHA),50X25MM (RAKSHA)
Size,0,50X25MM (UPREME),50X25MM (UPREME)
Size,0,50X32MM (ASTRAL),50X32MM (ASTRAL)
Size,0,50X32MM (DUTRON),50X32MM (DUTRON)
Size,0,50X32MM (HIRVAD),50X32MM (HIRVAD)
Size,0,50X32MM (RAKSHA),50X32MM (RAKSHA)
Size,0,50X32MM (UPREME),50X32MM (UPREME)
Size,0,50X40MM,50X40MM
Size,0,50X40MM (ASTRAL),50X40MM (ASTRAL)
Size,0,50X40MM (DUTRON),50X40MM (DUTRON)
Size,0,50X40MM (HIRVAD),50X40MM (HIRVAD)
Size,0,50X40MM (RAKSHA),50X40MM (RAKSHA)
Size,0,50X40MM (UPREME),50X40MM (UPREME)
Size,0,50X50MM,50X50MM
Size,0,50X6,50X6
Size,0,50X75MM,50X75MM
Size,0,50X8 (W 50X8),50X8 (W 50X8)
Size,0,55MM,55MM
Size,0,560X560MM,560X560MM
Size,0,5MM,5MM
Size,0,"6""","6"""
Size,0,600MM,600MM
Size,0,600MM (EROVIT),600MM (EROVIT)
Size,0,600MM (JAQUAR),600MM (JAQUAR)
Size,0,600MM (N CERA),600MM (N CERA)
Size,0,600MM (OHNSON),600MM (OHNSON)
Size,0,600X1200MM,600X1200MM
Size,0,600X16,600X16
Size,0,600X20,600X20
Size,0,600X300MM,600X300MM
Size,0,600X400X200MM (EROVIT),600X400X200MM (EROVIT)
Size,0,600X400X200MM (JAQUAR),600X400X200MM (JAQUAR)
Size,0,600X400X200MM (M CERA),600X400X200MM (M CERA)
Size,0,600X400X200MM (OHNSON),600X400X200MM (OHNSON)
Size,0,600X600MM,600X600MM
Size,0,60MM,60MM
Size,0,60X6,60X6
Size,0,63MM,63MM
Size,0,63MM (ASTRAL),63MM (ASTRAL)
Size,0,63MM (DUTRON),63MM (DUTRON)
Size,0,63MM (HIRVAD),63MM (HIRVAD)
Size,0,63MM (RAKSHA),63MM (RAKSHA)
Size,0,63MM (UPREME),63MM (UPREME)
Size,0,63X40MM (ASTRAL),63X40MM (ASTRAL)
Size,0,63X40MM (DUTRON),63X40MM (DUTRON)
Size,0,63X40MM (HIRVAD),63X40MM (HIRVAD)
Size,0,63X40MM (RAKSHA),63X40MM (RAKSHA)
Size,0,63X40MM (UPREME),63X40MM (UPREME)
Size,0,63X50MM (ASTRAL),63X50MM (ASTRAL)
Size,0,63X50MM (DUTRON),63X50MM (DUTRON)
Size,0,63X50MM (HIRVAD),63X50MM (HIRVAD)
Size,0,63X50MM (RAKSHA),63X50MM (RAKSHA)
Size,0,63X50MM (UPREME),63X50MM (UPREME)
Size,0,65MM,65MM
Size,0,65MM ( PRINC),65MM ( PRINC)
Size,0,65MM (ASTRAL),65MM (ASTRAL)
Size,0,65MM (DUTRON),65MM (DUTRON)
Size,0,65MM (HIRVAD),65MM (HIRVAD)
Size,0,65MM (RAKSHA),65MM (RAKSHA)
Size,0,65MM (UPREME),65MM (UPREME)
Size,0,65X25MM,65X25MM
Size,0,65X32MM,65X32MM
Size,0,65X40MM,65X40MM
Size,0,65X40MM (ASTRAL),65X40MM (ASTRAL)
Size,0,65X40MM (DUTRON),65X40MM (DUTRON)
Size,0,65X40MM (HIRVAD),65X40MM (HIRVAD)
Size,0,65X40MM (RAKSHA),65X40MM (RAKSHA)
Size,0,65X40MM (UPREME),65X40MM (UPREME)
Size,0,65X50MM,65X50MM
Size,0,65X50MM (ASTRAL),65X50MM (ASTRAL)
Size,0,65X50MM (DUTRON),65X50MM (DUTRON)
Size,0,65X50MM (HIRVAD),65X50MM (HIRVAD)
Size,0,65X50MM (RAKSHA),65X50MM (RAKSHA)
Size,0,65X50MM (UPREME),65X50MM (UPREME)
Size,0,6MM,6MM
Size,0,750X750MM,750X750MM
Size,0,75MM,75MM
Size,0,75MM (ASTRAL),75MM (ASTRAL)
Size,0,75MM (DUTRON),75MM (DUTRON)
Size,0,75MM (HIRVAD),75MM (HIRVAD)
Size,0,75MM (RAKSHA),75MM (RAKSHA)
Size,0,75MM (UPREME),75MM (UPREME)
Size,0,75X10,75X10
Size,0,75X100MM,75X100MM
Size,0,75X150MM,75X150MM
Size,0,75X25MM,75X25MM
Size,0,75X32MM,75X32MM
Size,0,75X40MM,75X40MM
Size,0,75X40MM (ASTRAL),75X40MM (ASTRAL)
Size,0,75X40MM (DUTRON),75X40MM (DUTRON)
Size,0,75X40MM (HIRVAD),75X40MM (HIRVAD)
Size,0,75X40MM (RAKSHA),75X40MM (RAKSHA)
Size,0,75X40MM (UPREME),75X40MM (UPREME)
Size,0,75X50MM,75X50MM
Size,0,75X50MM (ASTRAL),75X50MM (ASTRAL)
Size,0,75X50MM (DUTRON),75X50MM (DUTRON)
Size,0,75X50MM (HIRVAD),75X50MM (HIRVAD)
Size,0,75X50MM (RAKSHA),75X50MM (RAKSHA)
Size,0,75X50MM (UPREME),75X50MM (UPREME)
Size,0,75X6,75X6
Size,0,75X63MM (ASTRAL),75X63MM (ASTRAL)
Size,0,75X63MM (DUTRON),75X63MM (DUTRON)
Size,0,75X63MM (HIRVAD),75X63MM (HIRVAD)
Size,0,75X63MM (RAKSHA),75X63MM (RAKSHA)
Size,0,75X63MM (UPREME),75X63MM (UPREME)
Size,0,75X65MM,75X65MM
Size,0,75X75MM,75X75MM
Size,0,75X8,75X8
Size,0,"8""","8"""
Size,0,800X800MM,800X800MM
Size,0,80MM,80MM
Size,0,80MM (E 80MM),80MM (E 80MM)
Size,0,80MM (W 80MM),80MM (W 80MM)
Size,0,8MM,8MM
Size,0,8X100MM,8X100MM
Size,0,8X150MM,8X150MM
Size,0,8X6,8X6
Size,0,8X75MM,8X75MM
Size,0,8X9MM,8X9MM
Size,0,900X900MM,900X900MM
Size,0,90MM (ASTRAL),90MM (ASTRAL)
Size,0,90MM (DUTRON),90MM (DUTRON)
Size,0,90MM (HIRVAD),90MM (HIRVAD)
Size,0,90MM (RAKSHA),90MM (RAKSHA)
Size,0,90MM (UPREME),90MM (UPREME)
Size,0,90X50MM (ASTRAL),90X50MM (ASTRAL)
Size,0,90X50MM (DUTRON),90X50MM (DUTRON)
Size,0,90X50MM (HIRVAD),90X50MM (HIRVAD)
Size,0,90X50MM (RAKSHA),90X50MM (RAKSHA)
Size,0,90X50MM (UPREME),90X50MM (UPREME)
Size,0,90X63MM (ASTRAL),90X63MM (ASTRAL)
Size,0,90X63MM (DUTRON),90X63MM (DUTRON)
Size,0,90X63MM (HIRVAD),90X63MM (HIRVAD)
Size,0,90X63MM (RAKSHA),90X63MM (RAKSHA)
Size,0,90X63MM (UPREME),90X63MM (UPREME)
Size,0,90X75MM (ASTRAL),90X75MM (ASTRAL)
Size,0,90X75MM (DUTRON),90X75MM (DUTRON)
Size,0,90X75MM (HIRVAD),90X75MM (HIRVAD)
Size,0,90X75MM (RAKSHA),90X75MM (RAKSHA)
Size,0,90X75MM (UPREME),90X75MM (UPREME)
Size/Type,0,04 MTR,04 MTR
Size/Type,0,05 MTR,05 MTR
Size/Type,0,06 MTR,06 MTR
Size/Type,0,1 LB,1 LB
Size/Type,0,10 LB,10 LB
Size/Type,0,100 MTR,100 MTR
Size/Type,0,1280,1280
Size/Type,0,15 MTR,15 MTR
Size/Type,0,"16""X22""","16""X22"""
Size/Type,0,16.0/70-20 BKT MAKE,16.0/70-20 BKT MAKE
Size/Type,0,"16.5""X22.5""","16.5""X22.5"""
Size/Type,0,"16.5""X4""","16.5""X4"""
Size/Type,0,16X4,16X4
Size/Type,0,2 LB,2 LB
Size/Type,0,2'X2',2'X2'
Size/Type,0,"22.5""X4""","22.5""X4"""
Size/Type,0,22X4,22X4
Size/Type,0,3 LB,3 LB
Size/Type,0,3 MTR,3 MTR
Size/Type,0,3 TON CAP 4 MTR LONG,3 TON CAP 4 MTR LONG
Size/Type,0,3 TON CAP 5 MTR LONG,3 TON CAP 5 MTR LONG
Size/Type,0,3',3'
Size/Type,0,30 MTR,30 MTR
Size/Type,0,32GB,32GB
Size/Type,0,"4""","4"""
Size/Type,0,4',4'
Size/Type,0,5 LB,5 LB
Size/Type,0,5 MTR,5 MTR
Size/Type,0,5 TON CAP 5 MTR LONG,5 TON CAP 5 MTR LONG
Size/Type,0,5 TON CAP 6 MTR LONG,5 TON CAP 6 MTR LONG
Size/Type,0,"5""","5"""
Size/Type,0,5',5'
Size/Type,0,50 MTR,50 MTR
Size/Type,0,"6""","6"""
Size/Type,0,6',6'
Size/Type,0,64GB,64GB
Size/Type,0,6KG,6KG
Size/Type,0,7',7'
Size/Type,0,ALPHA SP-453,ALPHA SP-453
Size/Type,0,B26,B26
Size/Type,0,FLOOR TRAP,FLOOR TRAP
Size/Type,0,LONG BOOK A/4,LONG BOOK A/4
Size/Type,0,LONG NOTE BOOK 100PAGES,LONG NOTE BOOK 100PAGES
Size/Type,0,LONG NOTE BOOK 200PAGES,LONG NOTE BOOK 200PAGES
Size/Type,0,MANGLORE TILES,MANGLORE TILES
Size/Type,0,OSWAL MOTOR LONG BOOK 1QR,OSWAL MOTOR LONG BOOK 1QR
Size/Type,0,PAVER BLOCK,PAVER BLOCK
Size/Type,0,PRINTED BOOKS - QA/QC LAB A3 SIZE,PRINTED BOOKS - QA/QC LAB A3 SIZE
Size/Type,0,PVC ANGLE COCK,PVC ANGLE COCK
Size/Type,0,RCC ROUND COVER,RCC ROUND COVER
Size/Type,0,ROUND,ROUND
Size/Type,0,SMALL NOTE BOOK 172PAGES,SMALL NOTE BOOK 172PAGES
Size/Type,0,STAR,STAR
Size/Type,0,TRANSMISSION 360,TRANSMISSION 360
Size/Type,0,鑱?FLAT TO CIRCULAR),鑱?FLAT TO CIRCULAR)
Size/Type,0,鑱?FLAT),鑱?FLAT)
Thickness,0,2MM,2MM
Thickness,0,3MM,3MM
Thickness,0,4MM,4MM
Thickness,0,5MM,5MM
Thinner Type,0,G P,G P
Thinner Type,0,N C,N C
Type,0,ABC TYPE,ABC TYPE
Type,0,BALL PEN,BALL PEN
Type,0,BAR,BAR
Type,0,BIG,BIG
Type,0,BOX FILE,BOX FILE
Type,0,CANTEEN COUPON BOOKS,CANTEEN COUPON BOOKS
Type,0,CASH VOUCHER BOOKS,CASH VOUCHER BOOKS
Type,0,CHECK LIST FOR CONCRETE WORK - PRINTED REGISTER,CHECK LIST FOR CONCRETE WORK - PRINTED REGISTER
Type,0,CHECK LIST FOR FORM WORK - PRINTED REGISTER,CHECK LIST FOR FORM WORK - PRINTED REGISTER
Type,0,CHECK LIST FOR PCC - PRINTED BOOKS,CHECK LIST FOR PCC - PRINTED BOOKS
Type,0,CHECK LIST POST CONCRETE - PRINTED BOOKS,CHECK LIST POST CONCRETE - PRINTED BOOKS
Type,0,CHECK LIST REINFOR CEMENT - PRINTED BOOKS,CHECK LIST REINFOR CEMENT - PRINTED BOOKS
Type,0,CO2 GAS FLOODING SYSTEM,CO2 GAS FLOODING SYSTEM
Type,0,CO2 TYPE,CO2 TYPE
Type,0,CONCRETE CUBE TESTING REGISTER - PRINTED BOOKS,CONCRETE CUBE TESTING REGISTER - PRINTED BOOKS
Type,0,CONCRETE POUR CARD - PRINTED BOOKS,CONCRETE POUR CARD - PRINTED BOOKS
Type,0,CONFERENCE TABLE,CONFERENCE TABLE
Type,0,CORBON DIEOXIDE,CORBON DIEOXIDE
Type,0,CORRECTION PEN,CORRECTION PEN
Type,0,DELIVERY CHALLAN BOOK,DELIVERY CHALLAN BOOK
Type,0,DEPARTMENT LABOUR CHALLAN BOOK,DEPARTMENT LABOUR CHALLAN BOOK
Type,0,DOUBLE TIE FOR T.CRANE,DOUBLE TIE FOR T.CRANE
Type,0,DUPLICATE BOOK,DUPLICATE BOOK
Type,0,EXAMINATION TABLE SINGLE,EXAMINATION TABLE SINGLE
Type,0,FOR LABOUR,FOR LABOUR
Type,0,FOR STAFF,FOR STAFF
Type,0,FURNITURE - TABLE,FURNITURE - TABLE
Type,0,GATE PASS BOOKS,GATE PASS BOOKS
Type,0,GREEN NET,GREEN NET
Type,0,HALF SIZE,HALF SIZE
Type,0,HARD BROOM,HARD BROOM
Type,0,INSPECTION - PRINTED BOOKS,INSPECTION - PRINTED BOOKS
Type,0,ISSUE SLIP BOOK,ISSUE SLIP BOOK
Type,0,LABOUR,LABOUR
Type,0,LEFT,LEFT
Type,0,MULTI COLOUR BALL PEN,MULTI COLOUR BALL PEN
Type,0,PEDESTAL,PEDESTAL
Type,0,REQUISITION SLIP BOOK,REQUISITION SLIP BOOK
Type,0,RIGHT,RIGHT
Type,0,S FOR PACKING & WRAPPING,S FOR PACKING & WRAPPING
Type,0,S HAND TYPE,S HAND TYPE
Type,0,SAFETY NET HORIZENTAL,SAFETY NET HORIZENTAL
Type,0,SAFETY NET VERTICAL,SAFETY NET VERTICAL
Type,0,SKETCH PEN,SKETCH PEN
Type,0,SMALL,SMALL
Type,0,SOFT SINGLE BROOM,SOFT SINGLE BROOM
Type,0,SPIRAL NOTE BOOK,SPIRAL NOTE BOOK
Type,0,STAFF,STAFF
Type,0,STAPLER MACHINE,STAPLER MACHINE
Type,0,STORAGE,STORAGE
Type,0,TRIPLICATE BOOKS,TRIPLICATE BOOKS
Type,0,WATER TYPE,WATER TYPE
Type,0,WET CHEMICAL TYPE,WET CHEMICAL TYPE
Type,0,WIRE ROPE CELING,WIRE ROPE CELING
Viscosity Grade,0,15/40W,15/40W
Viscosity Grade,0,20/40W,20/40W
Viscosity Grade,0,320 NO,320 NO
Viscosity Grade,0,80W90,80W90
Viscosity Grade,0,85W90,85W90
Viscosity Grade,0,90 NO,90 NO
Viscosity Grade,0,KIRLOSKAR CARE SUPER GENUINE OIL,KIRLOSKAR CARE SUPER GENUINE OIL
Wattage,0,100 WT,100 WT
Wattage,0,12 WT,12 WT
Wattage,0,15 WT,15 WT
Wattage,0,150 WT,150 WT
Wattage,0,1500W,1500W
Wattage,0,200 WT,200 WT
Wattage,0,2000W,2000W
Wattage,0,40 WT,40 WT
Wattage,0,400 WT,400 WT
Wattage,0,6 WT,6 WT
Wattage,0,60 WT,60 WT
Wattage,0,9 WT,9 WT
Ways,0,1 WAY,1 WAY
Ways,0,1 WAY (ANCHOR),1 WAY (ANCHOR)
Ways,0,1 WAY (EGRAND),1 WAY (EGRAND)
Ways,0,1 WAY (IAMOND),1 WAY (IAMOND)
Ways,0,1 WAY (Y ROMA),1 WAY (Y ROMA)
Ways,0,2 WAY,2 WAY
Ways,0,2 WAY (ANCHOR),2 WAY (ANCHOR)
Ways,0,2 WAY (IAMOND),2 WAY (IAMOND)
Ways,0,3 WAY,3 WAY
Ways,0,3 WAY (ANCHOR),3 WAY (ANCHOR)
Ways,0,3 WAY (IAMOND),3 WAY (IAMOND)
Ways,0,4 WAY,4 WAY
Ways,0,4 WAY (ANCHOR),4 WAY (ANCHOR)
Ways,0,4 WAY (IAMOND),4 WAY (IAMOND)
